email,link
servicedesk@nhs.net,https://www.nhs.uk/our-policies/
ombudsman@ccf.org,https://my.clevelandclinic.org/about/website/non-discrimination-notice
Zhainindie@gmail.com,https://www.youtube.com/watch?app=desktop&v=nPnWBHg7jbo
sourceengine@valvesoftware.com,https://store.steampowered.com/subscriber_agreement/?snr=1_44_44_
questions@valvesoftware.com,https://store.steampowered.com/privacy_agreement/?snr=1_44_44_
9f057df6115a4bb488c08ea12a835e6e@o418887.ingest,https://www.reddit.com/login/?dest=https%3A%2F%2Fwww.reddit.com%2Fr%2Fgaming%2Fsubmit%2F%3Furl%3Dhttps%253A%252F%252Fstore.steampowered.com%252Fapp%252F2667690%252F%26title%3DTEST%2BTEST%2BTEST%2Bon%2BSteam
support@ballisticmoon.com,https://store.steampowered.com/tags/en/Interactive%20Fiction/?snr=1_5_9__409
10@19.00,https://store.steampowered.com/category/fantasy?snr=1_5_9__409
13@22.00,https://store.steampowered.com/category/fantasy?snr=1_5_9__409
contest@playvrising.com,https://store.steampowered.com/category/multiplayer_lan/?snr=1_5_9__12
devs@megacrit.com,https://store.steampowered.com/greatondeck/?snr=1_5_9__category-menu
stalefish@0.0,https://www.youtube.com/creators/
privacyoffice@mayo.edu,https://www.mayoclinic.org/about-this-site/privacy-policy
mayoclinicpress@service.mayoclinic,https://www.mayoclinic.org/about-this-site/privacy-policy
INTLcompliance@mayo.edu,https://www.mayoclinic.org/about-this-site/privacy-policy
u003eprivacyoffice@mayo.edu,https://www.mayoclinic.org/about-this-site/privacy-policy
u003emayoclinicpress@service.mayoclinic,https://www.mayoclinic.org/about-this-site/privacy-policy
u003eINTLcompliance@mayo.edu,https://www.mayoclinic.org/about-this-site/privacy-policy
mcmobileapps@mayo.edu,https://apps.apple.com/us/app/mayo-clinic/id523220194
mymediclinic24x7@mediclinic.ae,https://play.google.com/store/apps/details?id=com.mayoclinic.patient&hl=en%27
customersupport@skyscape.com,https://play.google.com/store/apps/details?id=com.mayoclinic.patient&hl=en%27
mayoclinicsupport@mayoclinic.com,https://www.mayoclinic.org/about-this-site/terms-conditions-use-policy
accounts@store.mayoclinic,https://www.mayoclinic.org/about-this-site/terms-conditions-use-policy
u003emayoclinicsupport@mayoclinic.com,https://www.mayoclinic.org/about-this-site/terms-conditions-use-policy
u003eaccounts@store.mayoclinic,https://www.mayoclinic.org/about-this-site/terms-conditions-use-policy
mcj@mayo.edu,https://www.mayoclinic.org/departments-centers/international/appointments
mcr@mayo.edu,https://www.mayoclinic.org/departments-centers/international/appointments
mcs@mayo.edu,https://www.mayoclinic.org/departments-centers/international/appointments
ukmch@mayo.edu,https://www.mayoclinic.org/departments-centers/international/appointments
etc@mayo.edu,https://login.edlink.mayo.edu/authenticationendpoint/login.do?commonAuthCallerPath=%2Fsamlsso&forceAuth=false&passiveAuth=false&tenantDomain=carbon.super&sessionDataKey=5575b8c9-06e5-4e99-bee0-0681c7a12289&relyingParty=LUM6P_LuminisPortal&type=samlsso&sp=LUM6P_LuminisPortal&isSaaSApp=false&authenticators=BasicAuthenticator%3ALOCAL
Name@email.com,https://jobs.mayoclinic.org
MedicareACO@mayo.edu,https://www.mayoclinic.org/about-mayo-clinic/aco
u003eMedicareACO@mayo.edu,https://www.mayoclinic.org/about-mayo-clinic/aco
mayoclinicsupport@service.mayoclinic,https://links.e.response.mayoclinic.org/preferencecenter
mcstoreonline@mayo.edu,https://store.mayoclinic.com/health/women-s.html?utm_source=dc&utm_medium=link&utm_campaign=women
customerservice@mayopublications.com,https://order.store.mayoclinic.com/flex/mmv/endmc01/?org=mmv&pageid=endmc01&altkey=ENDMORG&source=MC-DotOrg-PSmedium=Linkcampaign=Endemic-Bookcontent=ENDMC
development@mayo.edu,https://www.mayoclinic.org/giving-to-mayo-clinic/contact-us
mayoalumni@mayo.edu,https://alumniassociation.mayo.edu/
MCR@mayo.edu,https://www.mayoclinic.org/appointments
MCS@mayo.edu,https://www.mayoclinic.org/appointments
MCJ@mayo.edu,https://www.mayoclinic.org/appointments
privacy@cambridge.org,https://dictionary.cambridge.org/help/
info@believecreative.com,https://dictionary-api.cambridge.org/
chp@ccf.org,https://my.clevelandclinic.org/about/community
commhealthstrategy@ccf.org,https://my.clevelandclinic.org/about/community
patientexperience@ccf.org,https://my.clevelandclinic.org/departments/patient-experience/depts/office-patient-experience
privacy@ccf.org,https://my.clevelandclinic.org/about/website/privacy-security
onlineprivacy@ccf.org,https://my.clevelandclinic.org/about/website/privacy-security
refer123@ccf.org,https://my.clevelandclinic.org/professionals/referring
drconnect@ccf.org,https://my.clevelandclinic.org/professionals/referring
medicalconcierge@ccf.org,https://my.clevelandclinic.org/professionals/referring
editorial@ccf.org,https://my.clevelandclinic.org/health/about
slick@1.0,https://jobs.clevelandclinic.org
HRServiceCenter@ccf.org,https://jobs.clevelandclinic.org
alternativeformats@kent.gov,https://www.kent.gov.uk/about-the-council/about-the-website/accessibility-statement
hall@kent.gov,https://www.kent.gov.uk/about-the-council/about-the-website/privacy-statement
protection@kent.gov,https://www.kent.gov.uk/about-the-council/about-the-website/privacy-statement
dpo@kent.gov,https://www.kent.gov.uk/about-the-council/about-the-website/privacy-statement
primaryadmissions@kent.gov,https://www.kent.gov.uk/education-and-children/schools/school-places/after-you-get-your-school-offer
admissions@kent.gov,https://www.kent.gov.uk/education-and-children/schools/school-places/after-you-get-your-school-offer
appeals@kent.gov,https://www.kent.gov.uk/education-and-children/schools/school-places/appeal-a-school-offer
kentonlineadmissions@kent.gov,https://www.kent.gov.uk/education-and-children/schools/school-places/secondary-school-places
patientexperiencecanada@ccf.org,https://my.clevelandclinic.org/canada
homeschooltransport@kent.gov,https://webapps.kent.gov.uk/KCC.SchoolSearch.Web.Sites.Public/Default.aspx
giving@ccf.org,https://my.clevelandclinic.org/giving
Giving@ccf.org,https://my.clevelandclinic.org/giving
saeoadmissions@kent.gov,https://www.kent.gov.uk/education-and-children/schools/school-places/move-to-a-different-school
kentinyearadmissions@kent.gov,https://www.kent.gov.uk/education-and-children/schools/school-places/move-to-a-different-school
SelectionTests@bexley.gov,https://www.bexley.gov.uk/services/schools-and-education/selection-tests/about-test
haveyoursay@bbc.co,https://www.bbc.co.uk/news/help-41670342
nolan@bbc.co,https://www.bbc.co.uk/sounds
Newscast@bbc.co,https://www.bbc.co.uk/sounds
missme@bbc.co,https://www.bbc.co.uk/sounds
Americast@bbc.co,https://www.bbc.co.uk/sounds
XXX@email.com,https://account.bbc.com/auth?realm=%2F&clientId=Account&ptrt=https%3A%2F%2Faccount.bbc.com%2Faccount%3Flang%3Den-GB%26ptrt%3Dhttps%3A%2F%2Fwww.bbc.co.uk%2Fnews%2Fav%2Fworld-51916707&isCasso=false&action=sign-in&redirectUri=https%3A%2F%2Fsession.bbc.com%2Fsession%2Fcallback%3Frealm%3D%2F&service=IdSignInService&nonce=dXqTGrBA-UPdlkM4_n7rSc2dl8TZLa2l5jj4
privacy@cdc.gov,https://www.cdc.gov/other/privacy.html
508helpdesk@cdc.gov,https://www.cdc.gov/other/accessibility.html
visitor@email.com,https://www.cdc.gov/other/accessibility.html
emailupdates@cdc.gov,https://tools.cdc.gov/campaignproxyservice/subscriptions.aspx
updated@cdc.gov,https://tools.cdc.gov/campaignproxyservice/subscriptions.aspx
IMTech@cdc.gov,https://tools.cdc.gov/medialibrary/index.aspx
Freeman@hhs.gov,https://covidtests.gov/
freeman@hhs.gov,https://covidtests.gov/
DICE@FDA.HHS,https://www.fda.gov/medical-devices/safety-communications/home-covid-19-antigen-tests-take-steps-reduce-your-risk-false-negative-results-fda-safety
Affairs@oig.hhs,https://oig.hhs.gov/
office@digital.cabinet,https://www.gov.uk/help/privacy-notice
DPO@cabinetoffice.gov,https://www.gov.uk/help/privacy-notice
icocasework@ico.org,https://www.gov.uk/help/privacy-notice
u003eDPO@cabinetoffice.gov,https://www.gov.uk/help/privacy-notice
u003eicocasework@ico.org,https://www.gov.uk/help/privacy-notice
incomingpostteamdhc2@nissa.gsi,https://www.nidirect.gov.uk/articles/coronavirus-covid-19-testing
nida@nidirect.gov,https://www.nidirect.gov.uk/articles/coronavirus-covid-19-testing
covidcertni@hscni.net,https://www.nidirect.gov.uk/articles/coronavirus-covid-19-testing
ani@accessni.gov,https://www.nidirect.gov.uk/articles/coronavirus-covid-19-testing
ema_ni@slc.co,https://www.nidirect.gov.uk/articles/coronavirus-covid-19-testing
LPSCustomerTeam@lpsni.gov,https://www.nidirect.gov.uk/articles/coronavirus-covid-19-testing
validation@1.20,https://www.nidirect.gov.uk/articles/coronavirus-covid-19-testing
Counter@0.9,https://www.nidirect.gov.uk/articles/coronavirus-covid-19-testing
digital@gov.wales,https://www.gov.wales/get-tested-coronavirus-covid-19
00113d51a9464a1cb95a4ce91eeab326@o448768.ingest,https://www.gov.wales/get-tested-coronavirus-covid-19
you@example.com,https://www.nhsinform.scot/illnesses-and-conditions/infections-and-poisoning/coronavirus-covid-19/coronavirus-covid-19/
cservices@bsigroup.com,https://www.bsigroup.com/
sales@bsigroup.com,https://www.bsigroup.com/
certification@bsigroup.com,https://www.bsigroup.com/
training@bsigroup.com,https://www.bsigroup.com/
yourname@cambridge.org,https://cambridgeenglishonline.org/Views/UserManagement/Login.aspx?ReturnUrl=%2f
applications@oet.com,https://oet.com/
GCDEnquiries@admin.cam,https://www.governanceandcompliance.admin.cam.ac.uk/governance-and-strategy/anti-slavery-and-anti-trafficking
editor@admin.cam,https://www.governanceandcompliance.admin.cam.ac.uk/governance-and-strategy/anti-slavery-and-anti-trafficking
foi@admin.cam,https://www.governanceandcompliance.admin.cam.ac.uk/governance-and-strategy/anti-slavery-and-anti-trafficking
protection@admin.cam,https://www.governanceandcompliance.admin.cam.ac.uk/governance-and-strategy/anti-slavery-and-anti-trafficking
governance@admin.cam,https://www.governanceandcompliance.admin.cam.ac.uk/governance-and-strategy/anti-slavery-and-anti-trafficking
enquiries@admin.cam,https://www.governanceandcompliance.admin.cam.ac.uk/governance-and-strategy/anti-slavery-and-anti-trafficking
auditcommittee@admin.cam,https://www.governanceandcompliance.admin.cam.ac.uk/governance-and-strategy/anti-slavery-and-anti-trafficking
riskmanagement@admin.cam,https://www.governanceandcompliance.admin.cam.ac.uk/governance-and-strategy/anti-slavery-and-anti-trafficking
recognition@cambridgeenglish.org,https://www.cambridgeenglish.org/why-choose-us/higher-education-institutions/our-exams-and-tests/
lcfs@nhsbsa.nhs,https://www.nhs.uk/using-the-nhs/healthcare-abroad/apply-for-a-free-uk-global-health-insurance-card-ghic/
a3db6103e312_120x@2x.png,https://www.cambridgebookshop.co.uk/
bookshop@cambridge.org,https://www.cambridgebookshop.co.uk/
psi@nationalarchives.gov,https://www.gov.uk/government/publications/covid-19-managing-healthcare-staff-with-symptoms-of-a-respiratory-infection/managing-healthcare-staff-with-symptoms-of-a-respiratory-infection-or-a-positive-covid-19-test-result
CEM@cambridge.org,https://www.cem.org/cambridge
